/home/nunesrjr/Projects/rrm/summit/src/components/BaseHead.astro,226,/img/fromWIX/SFA-logo.webp,/img/fromWIX/sfa-logo-simplifly-arizona-instrument-rating.webp
/home/nunesrjr/Projects/rrm/summit/src/components/BaseHead.astro,225,/img/summit-flight-academy-missoury-kansas-city-piper-back-view-amazing-sunset-whats-next.webp,/img/summit-flight-academy-missoury-kansas-city-piper-back-view-amazing-sunset-whats-next-simplifly-arizona-pilot-training.webp
/home/nunesrjr/Projects/rrm/summit/src/components/BaseHeadEnhanced.astro,226,/img/fromWIX/SFA-logo.webp,/img/fromWIX/sfa-logo-simplifly-arizona-instrument-rating.webp
/home/nunesrjr/Projects/rrm/summit/src/components/BaseHeadEnhanced.astro,225,/img/summit-flight-academy-missoury-kansas-city-piper-back-view-amazing-sunset-whats-next.webp,/img/summit-flight-academy-missoury-kansas-city-piper-back-view-amazing-sunset-whats-next-simplifly-arizona-pilot-training.webp
/home/nunesrjr/Projects/rrm/summit/src/components/LocalBusinessSchema.astro,51,/img/fromWIX/SFA-logo.webp,/img/fromWIX/sfa-logo-simplifly-arizona-instrument-rating.webp
/home/nunesrjr/Projects/rrm/summit/src/components/LocalBusinessSchema.astro,57,/img/fromWIX/SFA-logo.webp,/img/fromWIX/sfa-logo-simplifly-arizona-instrument-rating.webp
/home/nunesrjr/Projects/rrm/summit/src/components/LocalBusinessSchema.astro,56,/img/summit-flight-academy-missoury-kansas-city-piper-back-view-amazing-sunset-whats-next.webp,/img/summit-flight-academy-missoury-kansas-city-piper-back-view-amazing-sunset-whats-next-simplifly-arizona-pilot-training.webp
/home/nunesrjr/Projects/rrm/summit/src/data/multiEngineTraining.js,57,/src/assets/placeholder-img.webp,/src/assets/placeholder-img-simplifly-mesa-pilot-training.webp
/home/nunesrjr/Projects/rrm/summit/src/data/multiEngineTraining.js,132,/src/assets/summit-flight-academy-missoury-kansas-city-cfi-instructor-training-pilot-student-and-instructor2.webp,/src/assets/summit-flight-academy-missoury-kansas-city-cfi-instructor-training-pilot-student-and-instructor2-simplifly-mesa-become-a-pilot.webp
/home/nunesrjr/Projects/rrm/summit/src/data/multiEngineTraining.js,109,/src/assets/summit-flight-academy-very-happy-pilot-in-piper-cherokee-cockpit-giving-thumbs-up-instrument-rating.webp,/src/assets/summit-flight-academy-very-happy-pilot-in-piper-cherokee-cockpit-giving-thumbs-up-instrument-rating-simplifly-arizona-flight-training.webp
/home/nunesrjr/Projects/rrm/summit/src/data/team.js,46,/img/our-team/KatiaVanHorn.webp,/img/our-team/katiavanhorn-simplifly-arizona-private-pilot.webp
/home/nunesrjr/Projects/rrm/summit/src/layouts/BlogPost.astro,44,/img/fromWIX/SFA-logo.webp,/img/fromWIX/sfa-logo-simplifly-arizona-instrument-rating.webp
/home/nunesrjr/Projects/rrm/summit/src/pages/529-plan-flight-training.astro,87,/src/assets/CFI-and-student-pilot.webp,/src/assets/cfi-and-student-pilot-simplifly-mesa-private-pilot.webp
/home/nunesrjr/Projects/rrm/summit/src/pages/529-plan-flight-training.astro,174,/src/assets/Checkride-Photo-preview.jpg,/src/assets/checkride-photo-preview-simplifly-mesa-become-a-pilot.jpg
/home/nunesrjr/Projects/rrm/summit/src/pages/529-plan-flight-training.astro,68,/src/assets/summit-flight-academy-lees-summit-kansas-city-missoury-pilot-training-SFA-1x1-logo-red.webp,/src/assets/summit-flight-academy-lees-summit-kansas-city-missoury-sfa-1x1-logo-red-simplifly-arizona-instrument-rating.webp
/home/nunesrjr/Projects/rrm/summit/src/pages/529-plan-flight-training.astro,139,/src/assets/summit-flight-academy-missoury-kansas-city-cfi-instructor-training-pilot-student-and-instructor2.webp,/src/assets/summit-flight-academy-missoury-kansas-city-cfi-instructor-training-pilot-student-and-instructor2-simplifly-mesa-become-a-pilot.webp
/home/nunesrjr/Projects/rrm/summit/src/pages/discovery-flight/index.astro,9,/img/discovery-flight/cfi.webp,/img/discovery-flight/cfi-simplifly-mesa-commercial-pilot.webp
/home/nunesrjr/Projects/rrm/summit/src/pages/discovery-flight/index.astro,8,/img/discovery-flight/discovery-flight-image-2.webp,/img/discovery-flight/image-2-simplifly-arizona-pilot-training.webp
/home/nunesrjr/Projects/rrm/summit/src/pages/discovery-flight/index.astro,11,/img/discovery-flight/recreational-flight.webp,/img/discovery-flight/recreational-flight-simplifly-arizona-flight-school.webp